<?xml version="1.0" encoding="UTF-8"?>
<project-private xmlns="http://www.netbeans.org/ns/project-private/1">
    <editor-bookmarks xmlns="http://www.netbeans.org/ns/editor-bookmarks/2" lastBookmarkId="0"/>
    <open-files xmlns="http://www.netbeans.org/ns/projectui-open-files/2">
        <group>
            <file>file:/C:/Users/Eric-PC/Google%20Drive/IUT/SAE/2022/SAE_TP/src/sae_tp/TypeGraphe.java</file>
            <file>file:/C:/Users/Eric-PC/Google%20Drive/IUT/SAE/2022/SAE_TP/src/sae_tp/GrapheFabrique.java</file>
            <file>file:/C:/Users/Eric-PC/Google%20Drive/IUT/SAE/2022/SAE_TP/src/sae_tp/SAE_TP.java</file>
            <file>file:/C:/Users/Eric-PC/Google%20Drive/IUT/SAE/2022/SAE_TP/src/sae_tp/FenetrePrincipale.java</file>
        </group>
    </open-files>
</project-private>
